﻿image,feedback
confident/1.png,Your confidence is a reflection of your hard work let it flow naturally
confident/2.png,You know your story tell it with pride and calm
confident/3.png,Let your confidence stay quiet and steady no need to rush
confident/4.png,Keep your energy balanced and your thoughts sharp you are doing well
confident/5.png,You are leading this conversation with clarity and strength
confident/6.png,Stay focused and composed your presence speaks volumes
confident/7.png,You have earned this moment trust your skills and keep going
confident/8.png,Let your preparation shine through every answer you give
confident/9.png,You are doing great stay steady and let your confidence guide you
confident/10.png,Keep your energy balanced and your thoughts sharp you are doing well
confident/11.png,Your confidence is a reflection of your hard work let it flow naturally
confident/12.png,You know your story tell it with pride and calm
confident/13.png,"Take a break for a while you look worried. Space out a liitle and take a breath. You do not have to have all the answers right now. Stay steady, and trust yourself and figure it out, step by step"
confident/14.png,"You seem composed and present. If you have something on your mind, feel free to share or take a moment to gather your thoughts. You're doing fine."
confident/15.png,"You appear thoughtful and composed. Keep going at your pace, your presence is steady and clear."
confident/16.png,Keep your energy balanced and your thoughts sharp you are doing well
confident/17.png,You are leading this conversation with clarity and strength
confident/18.png,Stay focused and composed your presence speaks volumes
confident/19.png,"Take a break for a while you look worried. Space out a liitle and take a breath. You do not have to have all the answers right now. Stay steady, and trust yourself and figure it out, step by step"
confident/20.png,"You seem composed and present. If you have something on your mind, feel free to share or take a moment to gather your thoughts. You're doing fine."
confident/21.png,"You appear thoughtful and composed. Keep going at your pace, your presence is steady and clear."
confident/22.png,"You seem to be doing good, keeping steady and focused. It is perfectly fine to be in a neutral space, stay present and proceed with confidence."
confident/23.png,You appear attentive and composed. Keep maintaining that calm energy it's a valuable asset in any conversation.
confident/24.png,Let your preparation shine through every answer you give
confident/25.png,You are doing great stay steady and let your confidence guide you
confident/26.png,You know your story tell it with pride and calm
confident/27.jpg,"You have invested the time to prepare and grow for this opportunity, so trust in your journey and speak with the confidence that comes from knowing your own worth."
confident/28.jpg,"This moment is a reflection of everything you have worked hard for, so stay centered and let your voice carry the calm strength you have developed along the way."
confident/29.jpg,"You donate need to impress anyone with perfection just be present, be clear, and let your genuine intentions guide your answers with ease and composure."
confident/30.jpg,"Take each question as a chance to share your unique experiences and perspectives, and remember that your story holds meaning and insight worth hearing."
confident/31.jpg,"Let your energy remain calm and steady while you share your thoughts, knowing that your presence alone already makes a positive and lasting impression."
confident/32.jpg,"You have already shown resilience and effort to reach this stage, so allow that same resilience to carry you forward with a clear and focused mind."
confident/33.jpg,"Breathe deeply, stay grounded in your preparation, and allow each answer to flow naturally from the effort and thought you have put into getting here."
confident/34.jpg,You have overcome challenges before and today is no different stay focused and speak with assurance in your ability to adapt and respond with grace.
confident/35.jpg,"Everything you have learned and experienced has led to this conversation show up fully, stay calm, and trust in your ability to communicate clearly and confidently."
confident/36.jpg,"Your voice, your pace, and your clarity already speak volumes stay centered and let the rest unfold naturally, one thoughtful response at a time."
confident/37.jpg,"This is your opportunity to express the value you bring, so remain steady and allow your preparation to speak louder than nerves or hesitation."
confident/38.jpg,You are here because you have earned the right to be your preparation and self-awareness have set the foundation for a meaningful and strong interaction.
confident/39.jpg,"Let the depth of your preparation shine through each word you say, and remember that staying calm is one of your greatest strengths today."
confident/40.jpg,"When you speak from a grounded place, your words carry more weight stay connected to that calm center and let your thoughts come through with ease."
confident/41.jpg,"You are capable of answering every question thoughtfully and clearly, so take your time and let your natural clarity lead the way."
confident/42.jpg,"you have prepared with care and intention, so trust in that process and speak with the quiet confidence that comes from showing up authentically."
confident/43.jpg,Let your calm presence and collected thoughts create a sense of trust and connection you donate need to rush or force anything to be impressive.
confident/44.jpg,"Every answer is a moment to reveal your growth and perspective be thoughtful, stay present, and let your values shape your response."
confident/45.jpg,You have everything you need within you to navigate this conversation just be patient with yourself and stay aligned with your purpose and preparation.
confident/46.jpg,Keep breathing through each moment and remember that calm energy communicates strength and presence more than any rushed or over-prepared words can.
confident/47.jpg,"You are allowed to pause, reflect, and speak slowly thoughtful communication shows control and self-awareness that often leaves a lasting impression."
confident/48.jpg,"Allow your answers to reflect your genuine experiences and insights, rather than what you think someone wants to hear thatâ€™s where your power lies."
confident/49.jpg,"Speak with clarity and warmth, and let your words reflect the thoughtful work you have done to understand both yourself and this opportunity."
confident/50.jpg,Your presence alone communicates so much about your character remain grounded and let that inner steadiness carry through every word.
confident/51.jpg,There is no need to fill silence quickly your thoughtful pause is a sign of maturity and confidence in your ability to respond carefully.
confident/52.jpg,"Let each answer reflect not just what you know, but who you are and speak in a tone that honors the effort you have put into becoming that person."
confident/53.jpg,"Take comfort in the fact that this is not a test, but a conversation one where you can bring calm attention and thoughtful expression to every moment."
confident/54.jpg,"You are doing more than answering questions you are building connection through your energy, your words, and the steadiness you bring into this space."
confident/55.jpg,"Every word you speak is an opportunity to convey your experience, preparation, and mindset so stay composed and speak from a place of assurance."
confident/56.jpg,you have already shown you belong here just by reaching this stage now it is about staying present and allowing your preparation to flow through naturally.
confident/57.jpg,"There is no need to rush take your time and allow your answers to develop with care and precision, just like you prepared them."
confident/58.jpg,"Keep your energy calm and focused, knowing that your clarity and emotional balance are assets that shine through when you stay in the present moment."
confident/59.jpg,"Your presence is a reflection of your character quiet confidence, thoughtful speech, and steady energy are more powerful than any memorized response."
confident/60.jpg,"Every question is a chance to demonstrate how you think, how you approach challenges, and how you stay composed show that with honesty and calm."
confident/61.jpg,You do not need to prove anything just express who you are with sincerity and let your answers reflect your genuine values and intentions.
confident/62.jpg,"Stay mindful of your tone and pace you have worked hard to be here, and your grounded presence is already doing most of the work."
confident/63.jpg,Let the conversation unfold one step at a time you are capable of adapting to whatever comes your way with grace and confidence.
confident/64.jpg,"You are allowed to pause, to think, and to answer with care that is what confident communication looks like in real conversations."
confident/65.jpg,Show your composure by staying present and relaxed let the interviewer see the ease and readiness you have built through thoughtful preparation.
confident/66.jpg,You have already succeeded by preparing with intention and showing up today now continue with calm energy and self-trust.
confident/67.jpg,Your calm presence communicates more than you realize stay composed and let your clarity of thought lead the conversation.
confident/68.jpg,you have taken the time to reflect on your story now is the time to share it with quiet pride and balanced confidence.
confident/69.jpg,"You are not being judged, you are being understood and your clarity, honesty, and calm will help others truly hear your message."
confident/70.jpg,"Keep showing up with the same energy youâ€™ve practiced with thoughtful, focused, and open to the moment."
confident/71.jpg,Let your preparation rise gently in your words you do not need to force confidence when you have already earned it.
confident/72.jpg,"Stay present and let your answers be a dialogue rather than a performance you are here to connect, not to impress."
confident/73.jpg,There is strength in your stillness and clarity let it support you through every response and every pause.
confident/74.jpg,you have handled much more than this moment before let that truth steady you as you speak with clarity and calm.
confident/75.jpg,"Your grounded presence is more memorable than any flashy words speak simply, truthfully, and with awareness of the moment."
confident/76.jpg,Let your focus rest on expressing your thoughts clearly and truthfully that is all you need to do right now.
confident/77.jpg,You are exactly where you need to be stay aligned with your preparation and let the rest unfold naturally.
confident/78.jpg,"Think of this as a meaningful exchange, not a test you are here to share, not to be perfect."
confident/79.jpg,"Every pause, every breath, every word reflects your readiness let your presence be steady and reassuring to both yourself and others."
confident/80.jpg,"This conversation is a chance to show your values in action stay aligned, stay centered, and stay open."
confident/81.jpg,Your voice is steady and clear let that be your guide through this moment of growth and opportunity.
confident/82.jpg,you have worked too hard to let doubt speak louder than your preparation trust in yourself and continue with confidence.
confident/83.jpg,"You are doing well and that is enough stay focused, stay composed, and let your authenticity shine in each word you speak."
